Workbook

Sheet Scores
H4: PROJECT | M4: WORKSHOP | R4: H S E | W4: SKOR
F5: INISIATIF 4 | H5: =Weightings!I4 -> P-Kreteria 1 | I5: =Weightings!J4 -> P-Kreteria 2 | J5: =Weightings!K4 -> P-Kreteria 3 | K5: =Weightings!L4 -> P-Kreteria 4 | L5: =Weightings!M4 -> P-Kreteria 5 | M5: =Weightings!I7 -> W-Kreteria 1 | N5: =Weightings!J7 -> W-Kreteria 2 | O5: =Weightings!K7 -> W-Kreteria 3 | P5: =Weightings!L7 -> W-Kreteria 4 | Q5: =Weightings!M7 -> W-Kreteria 5 | R5: =Weightings!I10 -> S-Kreteria 1 | S5: =Weightings!J10 -> S-Kreteria 2 | T5: =Weightings!K10 -> S-Kreteria 3 | U5: =Weightings!L10 -> S-Kreteria 4 | V5: =Weightings!M10 -> S-Kreteria 5 | W5: =H4 -> PROJECT | X5: =M4 -> WORKSHOP | Y5: =R4 -> H S E | Z5: 3 Penilaian Berbobot | AA5: 3 Peringkat Prioritas
F6: Bobot (Dihitung) | H6: =Weightings!I5*Weightings!$G$5 -> 0.04 | I6: =Weightings!J5*Weightings!$G$5 -> 0.04 | J6: =Weightings!K5*Weightings!$G$5 -> 0.08 | K6: =Weightings!L5*Weightings!$G$5 -> 0.12 | L6: =Weightings!M5*Weightings!$G$5 -> 0.12 | M6: =Weightings!I8*Weightings!$G$8 -> 0.03 | N6: =Weightings!J8*Weightings!$G$8 -> 0.03 | O6: =Weightings!K8*Weightings!$G$8 -> 0.06 | P6: =Weightings!L8*Weightings!$G$8 -> 0.09 | Q6: =Weightings!M8*Weightings!$G$8 -> 0.09 | R6: =Weightings!I11*Weightings!$G$11 -> 0.03 | S6: =Weightings!J11*Weightings!$G$11 -> 0.03 | T6: =Weightings!K11*Weightings!$G$11 -> 0.06 | U6: =Weightings!L11*Weightings!$G$11 -> 0.09 | V6: =Weightings!M11*Weightings!$G$11 -> 0.09 | W6: =SUM(H6:L6) -> 0.4 | X6: =SUM(M6:Q6) -> 0.3 | Y6: =SUM(R6:V6) -> 0.3 | Z6: =SUM(H6:V6) -> 1
F7: JUDUL PROJEK 6 | G7: Judul Projek 1 | H7: 4 | I7: 5 | J7: 2 | K7: 5 | L7: 6 | M7: 4 | N7: 4 | O7: 4 | P7: 2 | Q7: 4 | R7: 6 | S7: 4 | T7: 4 | U7: 4 | V7: 2 | W7: =SUMPRODUCT($H$6:$L$6,H7:L7) -> 1.84 | X7: =SUMPRODUCT($M$6:$Q$6,M7:Q7) -> 1.02 | Y7: =SUMPRODUCT($R$6:$V$6,R7:V7) -> 1.08 | Z7: =SUMPRODUCT($H$6:$V$6,H7:V7) -> 3.94 | AA7: =RANK(Z7,$Z$7:$Z$21) -> 12
G8: Judul Projek 2 | H8: 3 | I8: 9 | J8: 1 | K8: 8 | L8: 9 | M8: 10 | N8: 8 | O8: 3 | P8: 8 | Q8: 8 | R8: 9 | S8: 10 | T8: 8 | U8: 3 | V8: 8 | W8: =SUMPRODUCT($H$6:$L$6,H8:L8) -> 2.6 | X8: =SUMPRODUCT($M$6:$Q$6,M8:Q8) -> 2.16 | Y8: =SUMPRODUCT($R$6:$V$6,R8:V8) -> 2.04 | Z8: =SUMPRODUCT($H$6:$V$6,H8:V8) -> 6.8 | AA8: =RANK(Z8,$Z$7:$Z$21) -> 1
G9: Judul Projek 3 | H9: 10 | I9: 6 | J9: 10 | K9: 3 | L9: 2 | M9: 2 | N9: 6 | O9: 5 | P9: 2 | Q9: 5 | R9: 2 | S9: 2 | T9: 6 | U9: 5 | V9: 2 | W9: =SUMPRODUCT($H$6:$L$6,H9:L9) -> 2.04 | X9: =SUMPRODUCT($M$6:$Q$6,M9:Q9) -> 1.17 | Y9: =SUMPRODUCT($R$6:$V$6,R9:V9) -> 1.11 | Z9: =SUMPRODUCT($H$6:$V$6,H9:V9) -> 4.32 | AA9: =RANK(Z9,$Z$7:$Z$21) -> 11
G10: Judul Projek 4 | H10: 3 | I10: 9 | J10: 8 | K10: 8 | L10: 4 | M10: 8 | N10: 5 | O10: 6 | P10: 4 | Q10: 10 | R10: 4 | S10: 8 | T10: 5 | U10: 6 | V10: 4 | W10: =SUMPRODUCT($H$6:$L$6,H10:L10) -> 2.56 | X10: =SUMPRODUCT($M$6:$Q$6,M10:Q10) -> 2.01 | Y10: =SUMPRODUCT($R$6:$V$6,R10:V10) -> 1.56 | Z10: =SUMPRODUCT($H$6:$V$6,H10:V10) -> 6.13 | AA10: =RANK(Z10,$Z$7:$Z$21) -> 3
G11: Judul Projek 5 | H11: 10 | I11: 5 | J11: 6 | K11: 1 | L11: 3 | M11: 6 | N11: 10 | O11: 8 | P11: 8 | Q11: 7 | R11: 3 | S11: 6 | T11: 10 | U11: 8 | V11: 8 | W11: =SUMPRODUCT($H$6:$L$6,H11:L11) -> 1.56 | X11: =SUMPRODUCT($M$6:$Q$6,M11:Q11) -> 2.31 | Y11: =SUMPRODUCT($R$6:$V$6,R11:V11) -> 2.31 | Z11: =SUMPRODUCT($H$6:$V$6,H11:V11) -> 6.18 | AA11: =RANK(Z11,$Z$7:$Z$21) -> 2
G12: Judul Projek 6 | H12: 8 | I12: 10 | J12: 7 | K12: 3 | L12: 4 | M12: 7 | N12: 7 | O12: 6 | P12: 3 | Q12: 2 | R12: 4 | S12: 7 | T12: 7 | U12: 6 | V12: 3 | W12: =SUMPRODUCT($H$6:$L$6,H12:L12) -> 2.12 | X12: =SUMPRODUCT($M$6:$Q$6,M12:Q12) -> 1.23 | Y12: =SUMPRODUCT($R$6:$V$6,R12:V12) -> 1.56 | Z12: =SUMPRODUCT($H$6:$V$6,H12:V12) -> 4.91 | AA12: =RANK(Z12,$Z$7:$Z$21) -> 8
G13: Judul Projek 7 | H13: 3 | I13: 8 | J13: 7 | K13: 8 | L13: 3 | M13: 2 | N13: 3 | O13: 2 | P13: 4 | Q13: 1 | R13: 3 | S13: 2 | T13: 3 | U13: 2 | V13: 4 | W13: =SUMPRODUCT($H$6:$L$6,H13:L13) -> 2.32 | X13: =SUMPRODUCT($M$6:$Q$6,M13:Q13) -> 0.72 | Y13: =SUMPRODUCT($R$6:$V$6,R13:V13) -> 0.87 | Z13: =SUMPRODUCT($H$6:$V$6,H13:V13) -> 3.91 | AA13: =RANK(Z13,$Z$7:$Z$21) -> 13
G14: Judul Projek 8 | H14: 3 | I14: 2 | J14: 6 | K14: 3 | L14: 1 | M14: 9 | N14: 1 | O14: 5 | P14: 9 | Q14: 2 | R14: 1 | S14: 9 | T14: 1 | U14: 5 | V14: 9 | W14: =SUMPRODUCT($H$6:$L$6,H14:L14) -> 1.16 | X14: =SUMPRODUCT($M$6:$Q$6,M14:Q14) -> 1.59 | Y14: =SUMPRODUCT($R$6:$V$6,R14:V14) -> 1.62 | Z14: =SUMPRODUCT($H$6:$V$6,H14:V14) -> 4.37 | AA14: =RANK(Z14,$Z$7:$Z$21) -> 10
G15: Judul Projek 9 | H15: 4 | I15: 1 | J15: 10 | K15: 1 | L15: 2 | M15: 1 | N15: 2 | O15: 5 | P15: 5 | Q15: 3 | R15: 2 | S15: 1 | T15: 2 | U15: 5 | V15: 5 | W15: =SUMPRODUCT($H$6:$L$6,H15:L15) -> 1.36 | X15: =SUMPRODUCT($M$6:$Q$6,M15:Q15) -> 1.11 | Y15: =SUMPRODUCT($R$6:$V$6,R15:V15) -> 1.11 | Z15: =SUMPRODUCT($H$6:$V$6,H15:V15) -> 3.58 | AA15: =RANK(Z15,$Z$7:$Z$21) -> 14
G16: Judul Projek 10 | H16: 6 | I16: 10 | J16: 2 | K16: 10 | L16: 5 | M16: 6 | N16: 1 | O16: 1 | P16: 3 | Q16: 9 | R16: 5 | S16: 6 | T16: 1 | U16: 1 | V16: 3 | W16: =SUMPRODUCT($H$6:$L$6,H16:L16) -> 2.6 | X16: =SUMPRODUCT($M$6:$Q$6,M16:Q16) -> 1.35 | Y16: =SUMPRODUCT($R$6:$V$6,R16:V16) -> 0.75 | Z16: =SUMPRODUCT($H$6:$V$6,H16:V16) -> 4.7 | AA16: =RANK(Z16,$Z$7:$Z$21) -> 9
G17: Judul Projek 11 | H17: 4 | I17: 5 | J17: 6 | K17: 9 | L17: 6 | M17: 2 | N17: 1 | O17: 6 | P17: 9 | Q17: 6 | R17: 6 | S17: 2 | T17: 1 | U17: 6 | V17: 9 | W17: =SUMPRODUCT($H$6:$L$6,H17:L17) -> 2.64 | X17: =SUMPRODUCT($M$6:$Q$6,M17:Q17) -> 1.8 | Y17: =SUMPRODUCT($R$6:$V$6,R17:V17) -> 1.65 | Z17: =SUMPRODUCT($H$6:$V$6,H17:V17) -> 6.09 | AA17: =RANK(Z17,$Z$7:$Z$21) -> 4
G18: Judul Projek 12 | H18: 10 | I18: 6 | J18: 10 | K18: 10 | L18: 8 | M18: 5 | N18: 10 | O18: 3 | P18: 2 | Q18: 1 | R18: 8 | S18: 5 | T18: 10 | U18: 3 | V18: 2 | W18: =SUMPRODUCT($H$6:$L$6,H18:L18) -> 3.6 | X18: =SUMPRODUCT($M$6:$Q$6,M18:Q18) -> 0.9 | Y18: =SUMPRODUCT($R$6:$V$6,R18:V18) -> 1.44 | Z18: =SUMPRODUCT($H$6:$V$6,H18:V18) -> 5.94 | AA18: =RANK(Z18,$Z$7:$Z$21) -> 6
G19: Judul Projek 13 | H19: 1 | I19: 6 | J19: 6 | K19: 7 | L19: 2 | M19: 4 | N19: 8 | O19: 8 | P19: 10 | Q19: 2 | R19: 2 | S19: 4 | T19: 8 | U19: 8 | V19: 10 | W19: =SUMPRODUCT($H$6:$L$6,H19:L19) -> 1.84 | X19: =SUMPRODUCT($M$6:$Q$6,M19:Q19) -> 1.92 | Y19: =SUMPRODUCT($R$6:$V$6,R19:V19) -> 2.28 | Z19: =SUMPRODUCT($H$6:$V$6,H19:V19) -> 6.04 | AA19: =RANK(Z19,$Z$7:$Z$21) -> 5
... G21: Judul Projek 15 | H21: 1 | I21: 2 | J21: 5 | K21: 8 | L21: 3 | M21: 9 | N21: 9 | O21: 8 | P21: 1 | Q21: 4 | R21: 3 | S21: 9 | T21: 9 | U21: 8 | V21: 1 | W21: =SUMPRODUCT($H$6:$L$6,H21:L21) -> 1.84 | X21: =SUMPRODUCT($M$6:$Q$6,M21:Q21) -> 1.47 | Y21: =SUMPRODUCT($R$6:$V$6,R21:V21) -> 1.71 | Z21: =SUMPRODUCT($H$6:$V$6,H21:V21) -> 5.02 | AA21: =RANK(Z21,$Z$7:$Z$21) -> 7
F30: * | G30: email@perusahaan.com | I30: ( | J30: (021) | N30: H | O30: www.perusahaan.com

Sheet Weightings
I2: INISIATIF
F4: PROJECT | I4: P-Kreteria 1 | J4: P-Kreteria 2 | K4: P-Kreteria 3 | L4: P-Kreteria 4 | M4: P-Kreteria 5 | N4: TOTAL
F5: Bobot | G5: 0.4 | I5: 0.1 | J5: 0.1 | K5: 0.2 | L5: 0.3 | M5: 0.3 | N5: =SUM(I5:M5) -> 1
F7: WORKSHOP | I7: W-Kreteria 1 | J7: W-Kreteria 2 | K7: W-Kreteria 3 | L7: W-Kreteria 4 | M7: W-Kreteria 5 | N7: TOTAL
F8: Bobot | G8: 0.3 | I8: 0.1 | J8: 0.1 | K8: 0.2 | L8: 0.3 | M8: 0.3 | N8: =SUM(I8:M8) -> 1
F10: H S E | I10: S-Kreteria 1 | J10: S-Kreteria 2 | K10: S-Kreteria 3 | L10: S-Kreteria 4 | M10: S-Kreteria 5 | N10: TOTAL
F11: Bobot | G11: 0.3 | I11: 0.1 | J11: 0.1 | K11: 0.2 | L11: 0.3 | M11: 0.3 | N11: =SUM(I11:M11) -> 1
F13: TOTAL | G13: =G5+G8+G11 -> 1

Sheet List
E10: Persen
E11: 0
E12: 0.05
E13: 0.1
E14: 0.15
E15: 0.2
E16: 0.25
E17: 0.3
E18: 0.35
E19: 0.4
E20: 0.45
E21: 0.5
E22: 0.55
... E31: 1
